28240302,Domestic Betta,Homeworld_Fishable_Maritime_Aspidorhynchus_02
28240303,Domestic Venomspine Fish,Homeworld_Fishable_Maritime_Aspidorhynchus_03
28240301,Domestic Lunged Stickleback,Homeworld_Fishable_Maritime_Aspidorhynchus_01
23030102,[N/A] 1822587745,Fatuus_Summoner_01_AttackEnhance
23030101,Fatui Electro Cicin Mage,Fatuus_Summoner_01
26100101,[N/A] 133891017,Gator_Sacred_Water_01
35310101,[N/A] 800547617,Partner_Eremite_Female_Slim_PushDagger_01
22010205,Cryo Abyss Mage (Mechanicus),Abyss_Ice_01
22010204,Test_Attacking-Enhanced Cryo Abyss Mage,Abyss_Ice_01_AttackEnhance
20011301,Large Pyro Slime,Slime_Fire_03
22010203,Test_Teleport-Enhanced Cryo Abyss Mage,Abyss_Ice_01_BlinkEnhance
22010202,Test_Shield-Enhanced Cryo Abyss Mage,Abyss_Ice_01_ShieldEnhance
22010201,Cryo Abyss Mage,Abyss_Ice_01
20011302,Large Pyro Slime (Mechanicus),Slime_Fire_03
20011305,[N/A] 771419505,Slime_Fire_03_SimpleStick
20011304,[N/A] 1776041561,Slime_Fire_03_AttackEnhance
22100301,[N/A] 1787276377,Invoker_Archdeacon_01
28240304,Domestic Akai Maou,Homeworld_Fishable_Maritime_Aspidorhynchus_04
28240305,Domestic Snowstrider,Homeworld_Fishable_Maritime_Aspidorhynchus_05
25090401,Marionette General: Masked Bunshin (With Icon),Samurai_Ningyo_04
22090101,[N/A] 1657639873,Darksign_Shadow_01
20050201,Oceanid Boar,Monster_Oceanid_Boar
20050203,[N/A] 577443257,Monster_Oceanid_Boar_02
20050202,Oceanid Boar (Enhanced),Monster_Oceanid_Boar_02
36090390,[N/A] 3044810417,Partner_Fumgus_Un_Delta_Wind
36090391,[N/A] 637837089,Partner_Fumgus_Un_Delta_Wind
26051001,[N/A] 3440545977,Drake_Deepsea_Ice_02
25010501,[N/A] 2726641049,Thoarder_Male_Standard_NoWeapon_Electric_01
26020301,[N/A] 67218681,Regisvine_Electric
20050301,Oceanid Crane,Monster_Oceanid_Crane
21010701,Hilichurl Berserker,Hili_Fire_Rush
21010702,Hilichurl Berserker (Mechanicus),Hili_Fire_Rush
20050302,[N/A] 2574796673,Monster_Oceanid_Crane
25080101,Ronin,Samurai_Ronin_01
36090490,[N/A] 3661359273,Partner_Fumgus_Trois_Epsilon_Electric
36090491,[N/A] 4089561145,Partner_Fumgus_Trois_Epsilon_Electric
26100201,[N/A] 4068909457,Panther_Sacred_Grass_01
20060501,[N/A] 2166448969,Sylph_Electric_01
28060101,[N/A] 128716817,Gator_01
28060102,[N/A] 2866718929,Gator_Strong_01
28060103,[N/A] 1328271489,Gator_01
26010104,[N/A] 2622496017,Mimik_Fel_02
28230104,[N/A] 811422561,Homeworld_Crane_01_Lbis
28230102,Domestic Violet Ibis,Homeworld_Crane_02
26010101,Cryo Whopperflower,Mimik_Ice
26010102,Cryo Whopperflower (Dragonspine Event),Mimik_Ice_Activity
28230101,Domestic Azure Crane,Homeworld_Crane_01
26010103,Giant Cryo Whopperflower (2.3 Dragonspine Event),Mimik_Fel
26020101,Cryo Regisvine,Regisvine_Ice
20060601,[N/A] 887526489,Sylph_Fire_01
26020102,Cryo Regisvine (Dragonspine Event),Regisvine_Ice_Activity
28250401,[N/A] 741074761,Homeworld_Boltbug_Scarab_01
22010305,Hydro Abyss Mage (Mechanicus),Abyss_Water_01
22010304,Test_Attacking-Enhanced Hydro Abyss Mage,Abyss_Water_01_AttackEnhance
25080301,Ronin: Anbu,Samurai_Ronin_03
20040101,Electro Hypostasis - Aleph,Effigy_Electric_01
21010901,Cryo Hilichurl Shooter,Hili_Ice_Range
21010902,Test_Varied Cryo Hilichurl Shooter,Hili_Ice_Range_Multi
20040102,(Event) Electro Hypostasis - Aleph,Effigy_Electric_02
28021001,[N/A] 2426305833,Tortoise_01
20011401,Geo Slime,Slime_Rock_02
20011402,Geo Slime (Mechanicus),Slime_Rock_02
35310301,[N/A] 2724426105,Partner_Eremite_Male_Standard_Polearm_01
20050401,Oceanid Crab,Monster_Oceanid_Crab
20050403,[N/A] 2827520025,Monster_Oceanid_Crab
20050402,Oceanid Crab (Enhanced),Monster_Oceanid_Crab_02
25010601,[N/A] 1602355113,Thoarder_Male_Standard_NoWeapon_Ice_01
26050901,[N/A] 1534998849,Drake_DeepSea_Water_02
24050101,[N/A] 2629579681,Monolith_Starchild
20011501,Large Geo Slime,Slime_Rock_03
20011503,Large Geo Slime (Mechanicus),Slime_Rock_03
20011502,[N/A] 2434192961,Slime_Rock_03_AttackEnhance
22100401,[N/A] 4124092009,Invoker_Archdeacon_01
28240206,Domestic Crystalfish,Homeworld_Fishable_Maritime_Heliobatis_06
28240204,Domestic Aizen Medaka,Homeworld_Fishable_Maritime_Heliobatis_04
28240205,Domestic Dawncatcher,Homeworld_Fishable_Maritime_Heliobatis_05
28240202,Domestic Glaze Medaka,Homeworld_Fishable_Maritime_Heliobatis_02
26020201,Pyro Regisvine,Regisvine_Fire
28240203,Domestic Sweet-Flower Medaka,Homeworld_Fishable_Maritime_Heliobatis_03
28240201,Domestic Medaka,Homeworld_Fishable_Maritime_Heliobatis_01
24990101,[N/A] 3880332545,Monster_Alternate_01
22010303,Test_Teleport-Enhanced Hydro Abyss Mage,Abyss_Water_01_BlinkEnhance
22010302,Test_Shield-Enhanced Hydro Abyss Mage,Abyss_Water_01_ShieldEnhance
22010301,Hydro Abyss Mage,Abyss_Water_01
25080202,[N/A] 2892035809,Samurai_Ronin_04
25080201,Ronin: Sanzoku,Samurai_Ronin_02
36090590,[N/A] 3872434609,Partner_Fumgus_Trois_Alpha_Ice
36090591,[N/A] 3589860209,Partner_Fumgus_Trois_Alpha_Ice
26050701,[N/A] 2782696025,Drake_Deepsea_Ice_01
24021102,Perpetual Mechanical Array (Inazuma Event-Only),Apparatus_Perpetual
25010301,[N/A] 302461337,Thoarder_Male_Standard_NoWeapon_Fire_01
29010104,Stormterror,Monster_Dragon_Dvalin_S04
26050702,[N/A] 1674770585,Drake_Deepsea_Ice_03
24021101,Perpetual Mechanical Array,Apparatus_Perpetual
25010302,[N/A] 331847593,Thoarder_Male_Standard_NoWeapon_Fire_01
28020904,[N/A] 1992703905,Inu_Shihandai_04
21010501,Pyro Hilichurl Shooter,Hili_Fire_Range
21010502,Test_Varied Pyro Hilichurl Shooter,Hili_Fire_Range_Multi
28020903,[N/A] 467002241,Inu_Shihandai_03
29010102,Stormterror,Monster_Dragon_Dvalin_S04
28020902,Samurai Dog (Combat),Inu_Shihandai_02
29010103,Stormterror,Monster_Dragon_Dvalin_S00
28020901,Samurai Dog (Patrol),Inu_Shihandai_01
25100401,Flameghoul Kairagi,Samurai_Kairagi_04
29010101,Stormterror,Monster_Dragon_Dvalin_S01
28250301,[N/A] 2411901113,Homeworld_Boltbug_Lightbug_01
20060201,Geo Specter,Sylph_Rock_01
26110101,[N/A] 4290207929,Fungus_Raptor
23040102,Fatui Cryo Cicin Mage - Enhanced Attack,Fatuus_Mage_Ice_01_AttackEnhance
22020201,[N/A] 3840994489,Invoker_Herald_Ice_01
23040101,Fatui Cryo Cicin Mage,Fatuus_Mage_Ice_01
25090104,Marionette General: Masked Bunshin,Samurai_Ningyo_04
25090105,[N/A] 1156820393,Samurai_Ningyo_05
25090102,Marionette General: Wind Bunshin,Samurai_Ningyo_02
25090103,Marionette General: Ice Bunshin,Samurai_Ningyo_03
25090101,Marionette General,Samurai_Ningyo_01
22020101,Abyss Herald: Wicked Torrents (Disappearing),Invoker_Herald_Water_01
22020102,Abyss Herald: Wicked Torrents (Permanent),Invoker_Herald_Water_01
22020103,[N/A] 3179556369,Invoker_Herald_Water_01
25010213,[N/A] 2736902129,Thoarder_Male_Standard_NoWeapon_02_13
24920101,[N/A] 1492263081,Balloon_SlimeBalloon_01
25010212,[N/A] 720717313,Thoarder_Male_Standard_NoWeapon_02_12
38050590,[N/A] 2442210649,Partner_Animal_Electrohercules_01
25010209,[N/A] 1167900689,Thoarder_Male_Standard_NoWeapon_02_09
21020701,Crackling Axe Mitachurl,Brute_Electric_Axe
25010208,[N/A] 564582745,Thoarder_Male_Standard_NoWeapon_02_08
21020702,Crackling Axe Mitachurl (Mechanicus),Brute_Electric_Axe
25010211,[N/A] 392055353,Thoarder_Male_Standard_NoWeapon_02_11
21020703,Crackling Axe Mitachurl - Enhanced Attack,Brute_Electric_Axe_AttackEnhance
26120401,[N/A] 4098645257,Fungus_Amanita_Du_Udatta_Rock_01
25010210,[N/A] 4032173065,Thoarder_Male_Standard_NoWeapon_02_10
25010205,[N/A] 461598609,Thoarder_Male_Standard_NoWeapon_02_05
25010204,[N/A] 3012524121,Thoarder_Male_Standard_NoWeapon_02_04
25010207,[N/A] 2671351817,Thoarder_Male_Standard_NoWeapon_02_07
25010206,[N/A] 2666249481,Thoarder_Male_Standard_NoWeapon_02_06
25010201,Treasure Hoarder Scout,Thoarder_Male_Standard_NoWeapon_02
36090690,[N/A] 469666857,Partner_Fumgus_Trois_Gamma_Fire
36090691,[N/A] 2953105185,Partner_Fumgus_Trois_Gamma_Fire
25010203,[N/A] 1373483337,Thoarder_Male_Standard_NoWeapon_02_03
35210101,[N/A] 2099947705,Partner_Eremite_Female_Hatchet_01
20011101,Large Hydro Slime,Slime_Water_03
20011103,[N/A] 3496823681,Slime_Water_03_AttackEnhance
20011102,Large Hydro Slime (Mechanicus),Slime_Water_03
35210102,[N/A] 2521295977,Partner_Panther_01
25100302,[N/A] 1381328249,Samurai_Kairagi_06
25100301,Thunderwraith Kairagi,Samurai_Kairagi_03
26050801,[N/A] 2524747457,Drake_Deepsea_Electric_01
26050802,[N/A] 1379583233,Drake_Deepsea_Electric_03
36090790,[N/A] 165437385,Partner_Fumgus_Deux_Alpha_Fire
36090791,[N/A] 1931919705,Partner_Fumgus_Deux_Alpha_Fire
25090301,Marionette General: Ice Bunshin (With Icon),Samurai_Ningyo_03
20050101,Oceanid,Monster_Oceanid
26120201,[N/A] 2368019041,Fungus_Amanita_Unu_Svarita_Ices_01
20050102,Oceanid (Main Body),Monster_Oceanid_02
24920301,[N/A] 608371689,Balloon_FugusBalloon_01
26030101,Geovishap Hatchling,Wyrm_Rock
25010401,[N/A] 2311090185,Thoarder_Male_Standard_NoWeapon_Water_01
26050601,[N/A] 2676909737,Drake_DeepSea_Water_01
22010105,Pyro Abyss Mage (Mechanicus),Abyss_Fire_01
22010104,Test_Attacking-Enhanced Pyro Abyss Mage,Abyss_Fire_01_AttackEnhance
22100201,[N/A] 3911558993,Invoker_Archdeacon_01
22010103,Test_Teleport-Enhanced Pyro Abyss Mage,Abyss_Fire_01_BlinkEnhance
22010102,Test_Shield-Enhanced Pyro Abyss Mage,Abyss_Fire_01_ShieldEnhance
22010101,Pyro Abyss Mage,Abyss_Fire_01
20060301,Anemo Specter,Sylph_Wind_01
35210201,[N/A] 3141766329,NPC_Quest_Male_Standard_Idrisi_13065
21020801,Thunderhelm Lawachurl,Brute_Electric_None
21020802,Thunderhelm Lawachurl (Mechanicus),Brute_Electric_None
20060401,[N/A] 1122658065,Sylph_Ice_01
22100101,[N/A] 2630036665,Invoker_Archdeacon_01
26120301,[N/A] 3299184601,Fungus_Amanita_Du_Anudatta_Water_01
25090201,Marionette General: Wind Bunshin (With Icon),Samurai_Ningyo_02
28020803,[N/A] 652433657,Inu_Tanuki_03
28020802,[N/A] 2189860961,Inu_Tanuki_02
21010601,Hilichurl Grenadier,Hili_Fire_Bomb
28020801,Bake-Danuki,Inu_Tanuki_01
21010603,[N/A] 222241065,Hili_Fire_Bomb_AttackEnhance
20011201,Pyro Slime,Slime_Fire_02
20011203,Pyro Slime (Mechanicus),Slime_Fire_02
20011202,Pyro Slime,Slime_Fire_Tutorial
24920201,[N/A] 2956240737,Balloon_BigSlimeBalloon_01
20011204,[N/A] 1669508241,Slime_Fire_02_SimpleStick
28040107,Golden Bass,Fish_07
28040106,Blue-Fin Bass,Fish_06
28040105,Black-Back Bass,Fish_05
28040104,Black-Back Bass,Fish_04
24040301,[N/A] 3626535649,Monolith_Ordinator_03
20040501,Cryo Hypostasis - Daleth,Effigy_Ice_01
22070101,[N/A] 4247441641,ForlornVessel_Strong_Warbanner_Fire_01
22070102,[N/A] 1947288681,ForlornVessel_Strong_Warbanner_Fire_02
28040108,[N/A] 3075342297,Fish_08
20040502,[N/A] 244519785,Effigy_Ice_01
28240804,[N/A] 2847515857,Homeworld_Fishable_Maritime_Batdiodan_04
28240802,[N/A] 2420839809,Homeworld_Fishable_Maritime_Batdiodan_02
28040103,Golden Bass,Fish_03
28240803,[N/A] 619347953,Homeworld_Fishable_Maritime_Batdiodan_03
28040102,Blue-Fin Bass,Fish_02
29080501,[N/A] 1631975921,Monster_Apep_Underling_SeedOfArjuna
28040101,Black-Back Bass,Fish_01
28240801,[N/A] 2213501889,Homeworld_Fishable_Maritime_Batdiodan_01
28060604,[N/A] 2340527241,Megamoth_Jungle_01
28060605,[N/A] 37512633,Megamoth_Jungle_02
28060606,[N/A] 2214856321,Megamoth_Jungle_03
25310102,[N/A] 1936242505,Eremite_Female_Slim_PushDagger_02
28060601,[N/A] 2825466249,Megamoth_Jungle_01
28210104,Domestic General Crab,Homeworld_Crab_04
28060602,[N/A] 409501041,Megamoth_Jungle_02
25310101,[N/A] 2984077569,Eremite_Female_Slim_PushDagger_01
28210105,Domestic Pale Red Crab,Homeworld_Crab_05
28060603,[N/A] 2740821897,Megamoth_Jungle_03
28210102,Domestic Sun Crab,Homeworld_Crab_02
26090390,[N/A] 3376055609,Fungus_Un_Delta_Wind_Enemy
26090391,[N/A] 1573739513,Fungus_Un_Delta_Wind_01_Capture
28210103,Domestic Ocean Crab,Homeworld_Crab_03
28210101,Domestic Golden Crab,Homeworld_Crab_01
28220303,Domestic Snowboar,Homeworld_Boar_03
28220301,Domestic Forest Boar,Homeworld_Boar_01
21011301,Cryo Hilichurl Grenadier,Hili_Ice_Bomb
21011302,Cryo Hilichurl Grenadier - Enhanced Attack,Hili_Ice_Bomb_AttackEnhance
20011801,Hydro Hypostasis Summon: Self-Destruct,Effigy_Water_Underling_Ooze_03
26090401,[N/A] 2774139065,Fungus_Trois_Epsilon_Electric_01
28220314,[N/A] 3974077529,Homeworld_Boar_Grass_Small
28220313,[N/A] 2460569713,Homeworld_Boar_Grass
20050701,Oceanid Ferret,Monster_Oceanid_Squirrel
20050703,[N/A] 3636325641,Monster_Oceanid_Squirrel
20050702,Oceanid Ferret (Enhanced),Monster_Oceanid_Squirrel_02
20050801,Oceanid Frog,Monster_Oceanid_Frog
21011201,Rock Shield Hilichurl Guard,Hili_None_01_RockShield
21011202,Rock Shield Hilichurl Guard (Mechanicus),Hili_None_01_RockShield
20050802,[N/A] 1075324793,Monster_Oceanid_Frog
24810301,[N/A] 2345069921,FungusFighterV2_TowerElectric_01
20011901,Hydro Hypostasis Summon: Heal,Effigy_Water_Underling_Ooze_04
28050401,[N/A] 2466918521,Boltbug_Scarab_01
28220404,Domestic Black-Back Hound,Homeworld_DogPrick_04
28220402,Domestic Forest-Patrol Hound,Homeworld_DogPrick_02
28220403,Domestic Shiba,Homeworld_DogPrick_03
28220401,Domestic Northland Hound,Homeworld_DogPrick_01
24040201,[N/A] 285953129,Monolith_Ordinator_02
28060612,[N/A] 2053098161,Megamoth_Jungle_06
28060613,[N/A] 276253497,Megamoth_Jungle_07
23010101,[N/A] 50974057,Skirmisher_Male_Fat_SprayGun_Ice_01
28060614,[N/A] 465761521,Megamoth_Jungle_08
28060609,[N/A] 1426424937,Megamoth_Jungle_Strong_01
28060610,[N/A] 3717654113,Megamoth_Jungle_04
28060611,[N/A] 1648208073,Megamoth_Jungle_05
26090490,[N/A] 783524481,Fungus_Trois_Epsilon_Electric_Enemy
26090491,[N/A] 3709881913,Fungus_Trois_Epsilon_Electric_01_Capture
25060102,[N/A] 2830824473,Thoarder_MuscleMan_NoWeapon_01_02
25310202,[N/A] 3503187145,Eremite_Male_Standard_Glaive_02
25060101,[N/A] 3034153769,Thoarder_MuscleMan_NoWeapon_01
25310201,[N/A] 3154173257,Eremite_Male_Standard_Glaive_01
28050221,[N/A] 2987095625,Thoarder_Weasel_01
28050222,[N/A] 1663181017,Thoarder_Weasel_02
28050223,[N/A] 4261963577,Thoarder_Weasel_03
28220201,Domestic Squirrel,Homeworld_Squirrel_01
28050212,Hoarder Weasel Thief,Thoarder_Weasel_02
28050213,Golden Weasel Thief,Thoarder_Weasel_03
21011401,Ice Shield Hilichurl Guard,Hili_Ice_IceShield
21011402,Ice Shield Hilichurl Guard (Mechanicus),Hili_Ice_IceShield
25050101,Millelith Soldier,Millelith_Male_01
21011403,Ice Shield Hilichurl Guard: Dragonspine Event,Hili_Ice_IceShield_Activity
28050211,Amateur Weasel Thief,Thoarder_Weasel_01
28240702,[N/A] 3877023689,Homeworld_Fishable_Ray_Stellamarisidae_01_03
28240701,[N/A] 3103739145,Homeworld_Fishable_Ray_Stellamarisidae_01_02
24030201,[N/A] 3903929633,Gargoyle_Ground_01
26100501,[N/A] 1264292481,Chrysopelea_Sacred_Wind_01
29070106,[N/A] 641768601,Monster_Nada
29070105,[N/A] 1547264913,Monster_Nada
23010301,[N/A] 4058260377,Skirmisher_Male_Strong_GreatHammer_Electric_01
29070104,[N/A] 3834332121,Monster_Nada
21040101,[N/A] 641948121,Hilistray_Wind_01
20040601,Pyro Hypostasis: Ayin,Effigy_Fire_01
35410101,[N/A] 843060329,Partner_Eremite_Male_Strong_Katar_01
28230404,Domestic Emerald Finch,Homeworld_Tit_04
20040602,[N/A] 802657121,Effigy_Fire_02
29070103,[N/A] 887141825,Monster_Nada
28230402,Domestic Golden Finch,Homeworld_Tit_02
29070102,[N/A] 996756049,Monster_Nada
28230403,Domestic Snow Finch,Homeworld_Tit_03
29070101,[N/A] 3425649649,Monster_Nada
28230401,Domestic Crimson Finch,Homeworld_Tit_01
28050204,[N/A] 3522830081,Thoarder_Weasel_01
26090301,[N/A] 243798441,Fungus_Un_Delta_Wind_01
20020101,Eye of the Storm,Elemental_Wind_01
28050201,Amateur Weasel Thief,Thoarder_Weasel_01
28050202,Hoarder Weasel Thief,Thoarder_Weasel_02
28050203,Golden Weasel Thief,Thoarder_Weasel_03
26090290,[N/A] 2834173953,Fungus_Un_Delta_Grass_Enemy
26090291,[N/A] 3005241825,Fungus_Un_Delta_Grass_01_Capture
23010201,[N/A] 1858180689,Skirmisher_Male_Fat_SprayGun_Water_01
28060512,[N/A] 112703337,Megamoth_Desert_07
20040701,[N/A] 572615921,Effigy_Grass_01
28060513,[N/A] 2396817929,Megamoth_Desert_08
20040702,[N/A] 2410347593,Effigy_Grass_02
20012001,[N/A] 3817659321,Effigy_Water_Underling_Ooze_05
28050301,[N/A] 868485513,Boltbug_Lightbug_01
24810401,[N/A] 3520636737,FungusFighterV2_TowerElectric_02
25410401,[N/A] 4046454873,Eremite_Female_Standard_Dancer_01
20050901,Oceanid Raptor,Monster_Oceanid_Falcon
26080101,[N/A] 3025302865,Eldritch_Minor
22070201,[N/A] 1402090241,ForlornVessel_Strong_Lance_Water_01
29080401,[N/A] 3138029065,Monster_Apep_Underling_SeedOfBrahma
22070202,[N/A] 2748816353,ForlornVessel_Strong_Lance_Water_02
28060509,[N/A] 1497649297,Megamoth_Desert_04
28060510,[N/A] 3380533609,Megamoth_Desert_05
28060511,[N/A] 423020265,Megamoth_Desert_06
28060504,[N/A] 457094737,Megamoth_Desert_01
28060505,[N/A] 3374220305,Megamoth_Desert_02
28060506,[N/A] 1349374089,Megamoth_Desert_03
28060501,[N/A] 2910802777,Megamoth_Desert_01
28060502,[N/A] 3424336233,Megamoth_Desert_02
28060503,[N/A] 3938050385,Megamoth_Desert_03
24030101,[N/A] 765448937,Gargoyle_Airborne_01
25070202,[N/A] 2217700337,Thoarder_MuscleMan_Hammer_02
35410201,[N/A] 2996340361,Partner_Eremite_Female_Standard_Longbow_01
28230313,[N/A] 3724967537,Homeworld_Pigeon_Beak_01
25070201,[N/A] 1247878633,Thoarder_MuscleMan_Hammer_02
28230306,Domestic Crow,Homeworld_Crow_01
28230304,Domestic Crimsonflank Pigeon,Homeworld_Pigeon_04
24810101,[N/A] 1459265257,FungusFighterV2_TowerFire_01
28230305,Domestic Black King Pigeon,Homeworld_Pigeon_05
28050104,Electro Crystalfly,Wisp_Electric_01
28050105,[N/A] 1189656297,Wisp_Tokoyo_01
28050106,[N/A] 149328065,Wisp_Grass_01
23020102,[N/A] 4085175401,Fatuus_Fire_01_AttackEnhance
25410202,[N/A] 3954073513,Eremite_Female_Standard_Longbow_02
28050101,Anemo Crystalfly,Wisp_Wind_01
23020101,Fatui Agent,Fatuus_Fire_01
25410201,[N/A] 1223193297,Eremite_Female_Standard_Longbow_01
28050102,Geo Crystalfly,Wisp_Rock_01
28050103,Cryo Crystalfly,Wisp_Ice_01
28060301,[N/A] 1575409961,Vulture_01
28060302,[N/A] 35400545,Vulture_01
25080404,[N/A] 400320561,Samurai_Hatamoto_03
25080405,[N/A] 147737673,Samurai_Hatamoto_04
25080402,[N/A] 193563705,Samurai_Hatamoto_02
25080403,[N/A] 1581579825,Samurai_Hatamoto_03
20060701,[N/A] 586909705,Sylph_Grass_01
25080401,Shogunate Samurai,Samurai_Hatamoto_01
28230302,Domestic Brightcrown Pigeon,Homeworld_Pigeon_02
26010301,Electro Whopperflower,Mimik_Electric
29080202,[N/A] 1494016625,Monster_Apep_Underling_SeedOfKarna
28230303,Domestic Graywing Pigeon,Homeworld_Pigeon_03
29080201,[N/A] 2429980313,Monster_Apep_Underling_SeedOfKarna
28230301,Domestic White Pigeon,Homeworld_Pigeon_01
22080101,[N/A] 2261840001,Darkwraith_Strong_Wind_01
20040201,Anemo Hypostasis - Beth,Effigy_Wind_01
20040202,(Event) Anemo Hypostasis - Beth,Effigy_Wind_02
26100401,[N/A] 2220913313,Scorpion_Sacred_Electric_01
26090190,[N/A] 2798916145,Fungus_Un_Gamma_Water_Enemy
26090191,[N/A] 4229105793,Fungus_Un_Gamma_Water_01_Capture
22100501,[N/A] 1090413241,Invoker_Archdeacon_01
26090202,[N/A] 3825581857,Fungus_Un_Delta_Grass_01_02
29080302,[N/A] 3130200241,Monster_Apep_Underling_SeedOfAshura
29080301,[N/A] 2368710513,Monster_Apep_Underling_SeedOfAshura
26090201,[N/A] 4206793049,Fungus_Un_Delta_Grass_01
20040301,Geo Hypostasis: Gimel,Effigy_Rock_01
28060401,[N/A] 2550380273,Scorpion_01
28060402,[N/A] 1827515817,Scorpion_01
20040302,(Event) Geo Hypostasis - Gimel,Effigy_Rock_02
20011601,Hydro Hypostasis Summon: Split (L),Effigy_Water_Underling_Ooze_01
28220108,[N/A] 3596224209,Homeworld_Fox_03
28220102,Domestic Crimson Fox,Homeworld_Fox_02
36090190,[N/A] 4291858465,Partner_Fumgus_Un_Gamma_Water
36090191,[N/A] 3593336553,Partner_Fumgus_Un_Gamma_Water
22010404,Electro Abyss Mage - Enhanced Attack,Abyss_Electric_01_AttackEnhance
25070101,[N/A] 2923584017,Thoarder_MuscleMan_Hammer_01
28220101,Domestic Snow Fox,Homeworld_Fox_01
22010403,Electro Abyss Mage - Enhanced Shield,Abyss_Electric_01_ShieldEnhance
22010402,Electro Abyss Mage (Mechanicus),Abyss_Electric_01
22010401,Electro Abyss Mage,Abyss_Electric_01
25010701,[N/A] 1176947681,Thoarder_Male_Fat_NoWeapon_01
28240602,Domestic Bitter Pufferfish,Homeworld_Fishable_Maritime_Namazu_02
20050501,Oceanid Finch,Monster_Oceanid_Tit
20050502,[N/A] 3170658753,Monster_Oceanid_Tit
28240601,Domestic Pufferfish,Homeworld_Fishable_Maritime_Namazu_01
21011001,Electro Hilichurl Shooter,Hili_Electric_Range
21011002,Test_Varied Electro Hilichurl Shooter,Hili_Electric_Range_Multi
25410303,[N/A] 1427419849,Eremite_Female_Standard_Oracle_03
25410302,[N/A] 3319063017,Eremite_Female_Standard_Oracle_02
25410301,[N/A] 230400289,Eremite_Female_Standard_Oracle_01
20011701,Hydro Hypostasis Summon: Split (S),Effigy_Water_Underling_Ooze_02
28060201,[N/A] 2538068521,Panther_01
28060202,[N/A] 3539690529,Panther_Strong_01
28060203,[N/A] 3418949673,Panther_01
26051101,[N/A] 3415681401,Drake_Deepsea_Electric_02
29080104,[N/A] 3638995681,Monster_Apep_Stage3
36090290,[N/A] 2928415473,Partner_Fumgus_Un_Delta_Grass
36090291,[N/A] 1407448081,Partner_Fumgus_Un_Delta_Grass
20050601,Oceanid Mallard,Monster_Oceanid_Wigeon
22080201,[N/A] 2678091353,Darkwraith_Fat_Rock_01
20050603,[N/A] 3202330985,Monster_Oceanid_Wigeon_02
20050602,Oceanid Mallard (Landwalker Version),Monster_Oceanid_Wigeon_02
29080103,[N/A] 3025909673,Monster_Apep_Stage1
29080102,[N/A] 882041697,Monster_Apep_Stage3
29080101,[N/A] 381264433,Monster_Apep_Stage1
24810201,[N/A] 1199053881,FungusFighterV2_TowerFire_02
25410103,[N/A] 2559377073,Eremite_Male_Strong_Katar_03
25410102,[N/A] 3519774769,Eremite_Male_Strong_Katar_02
25410101,[N/A] 1317576089,Eremite_Male_Strong_Katar_01
28240402,Domestic Rusty Koi,Homeworld_Fishable_Maritime_Cheirolepis_02
28240401,Domestic Golden Koi,Homeworld_Fishable_Maritime_Cheirolepis_01
26100301,[N/A] 2824755009,Vulture_Sacred_Fire_01
24040101,[N/A] 1462919497,Monolith_Ordinator_01
28240506,Domestic Moonfin,Homeworld_Fishable_Maritime_Doryaspis_06
26010201,Pyro Whopperflower,Mimik_Fire
28240504,Domestic Abiding Angelfish,Homeworld_Fishable_Maritime_Doryaspis_04
28240505,Domestic Raimei Angelfish,Homeworld_Fishable_Maritime_Doryaspis_05
28240502,Domestic Purple Shirakodai,Homeworld_Fishable_Maritime_Doryaspis_02
28240503,Domestic Tea-Colored Shirakodai,Homeworld_Fishable_Maritime_Doryaspis_03
28240501,Domestic Brown Shirakodai,Homeworld_Fishable_Maritime_Doryaspis_01
20040401,Hydro Hypostasis,Effigy_Water_01
20040402,[N/A] 2510499945,Effigy_Water_02
26090101,[N/A] 2773950225,Fungus_Un_Gamma_Water_01
28061101,[N/A] 3407624849,Megamoth_Jungle_04
26090890,[N/A] 466604457,Fungus_Deux_Epsilon_Wind_Enemy
26090891,[N/A] 3913813441,Fungus_Deux_Epsilon_Wind_01_Capture
20010301,Anemo Slime,Slime_Wind_02
20010302,Anemo Slime (Mechanicus),Slime_Wind_02
24010108,[N/A] 4043680265,Defender_None_08
24010109,[N/A] 2686891513,Defender_None_09
24010102,Ruin Guard (Mechanicus),Defender_None_01
24010101,Ruin Guard,Defender_None_01
26090901,[N/A] 2734459225,Fungus_Deux_Beta_Rock_01
24020302,Ruin Defender (Weakened),Apparatus_Enigma_BionicInsecta
28020107,[N/A] 378885401,Fox_02
24020303,Ruin Defender (Enhanced),Apparatus_Enigma_BionicInsecta
28020106,[N/A] 3400897345,Fox_02
28020105,[N/A] 2375405593,Fox_01
24020301,Ruin Defender,Apparatus_Enigma_BionicInsecta
28020104,Super-Gifting Snow Fox,Fox_04
26060201,Hydro Cicin,Cicin_Water_01
28020109,[N/A] 1783205937,Fox_02
28020108,[N/A] 2121972905,Fox_01_03
28020103,Gifting Snow Fox,Fox_03
28020102,Crimson Fox,Fox_02
28020101,Snow Fox,Fox_01
28040602,Bitter Pufferfish,Fishable_Maritime_Namazu_02
28040601,Pufferfish,Fishable_Maritime_Namazu_01
25210301,[N/A] 4008986473,Eremite_Male_Standard_Pole_01
24020304,[N/A] 3323395121,Apparatus_Enigma_BionicInsecta_Karkata
25210302,[N/A] 2939413633,Eremite_Male_Standard_Pole_02
25210303,[N/A] 2517557169,Eremite_Male_Standard_Pole_03
25210304,[N/A] 3890286705,EremiteElite_Male_Standard_Pole_01
28020202,[N/A] 3448996649,Squirrel_01
25210305,[N/A] 1664946217,EremiteElite_Male_Standard_Pole_02
25210306,[N/A] 696066441,EremiteElite_Male_Standard_Pole_03
28020201,Squirrel,Squirrel_01
25210307,[N/A] 2671081977,Eremite_Male_Standard_Pole_01
25210308,[N/A] 2403836809,NPC_Sumeru_Male_Standard_Warden03_4298
25210309,[N/A] 191969201,NPC_Sumeru_Male_Standard_Warden04_4299
28220901,Domestic Samurai Dog,Homeworld_Inu_Shihandai_01
24810801,[N/A] 1832843025,FungusFighterV2_TowerIce_02
29040104,Azhdaha,Monster_Dahaka
29040111,Azhdaha,Monster_Dahaka
28040703,[N/A] 369916953,Fishable_Ray_Stellamarisidae_02_01
28040702,[N/A] 3716656137,Fishable_Ray_Stellamarisidae_01_03
28040701,[N/A] 2972773745,Fishable_Ray_Stellamarisidae_01_02
29040103,Azhdaha,Monster_Dahaka
25050402,[N/A] 220906409,AahigaruTaisho_Male_01_02
29040102,Azhdaha,Monster_Dahaka
29040101,Azhdaha,Monster_Dahaka
25050401,Shogunate Infantry Captain,AahigaruTaisho_Male_01
26090990,[N/A] 287229801,Fungus_Deux_Beta_Rock_Enemy
26090991,[N/A] 4221967233,Fungus_Deux_Beta_Rock_01_Capture
28030410,[N/A] 3512858737,Tit_04
28030409,[N/A] 3315972233,Tit_04
28030408,[N/A] 501275089,Tit_03
22050101,Rockfond Rifthound,Hound_Riftstalker_Rock_01
22050102,[N/A] 1530750273,Hound_Riftstalker_Rock_01_Crystallization
28030403,Snow Finch,Tit_03
28030402,Golden Finch,Tit_02
28030401,Crimson Finch,Tit_01
28030407,[N/A] 2851980657,Tit_02
28030406,[N/A] 4069757009,Tit_01
28030405,[N/A] 4025414177,Tit_06
28030404,Emerald Finch,Tit_04
23010601,[N/A] 535800953,Skirmisher_Male_Standard_Rifle_Fire_01
26091001,[N/A] 1409125529,Fungus_Deux_Delta_Electric_01
21030201,Dendro Samachurl,Shaman_Grass_01
21030202,Dendro Samachurl (Mechanicus),Shaman_Grass_01
21030203,[N/A] 1397821729,Shaman_Grass_01_SupportEnhance
24811001,[N/A] 540068777,FungusFighterV2_TowerWind_02
21020101,Wooden Shieldwall Mitachurl,Brute_None_Shield
21020102,Wooden Shieldwall Mitachurl (Mechanicus),Brute_None_Shield
20010401,Large Anemo Slime,Slime_Wind_03
28040506,Moonfin,Fishable_Maritime_Doryaspis_06
20010403,[N/A] 756047425,Slime_Wind_03_AttackEnhance
28040505,Raimei Angelfish,Fishable_Maritime_Doryaspis_05
20010402,Large Anemo Slime (Mechanicus),Slime_Wind_03
28040504,Abiding Angelfish,Fishable_Maritime_Doryaspis_04
28040503,Tea-Colored Shirakodai,Fishable_Maritime_Doryaspis_03
28040502,Purple Shirakodai,Fishable_Maritime_Doryaspis_02
28040501,Brown Shirakodai,Fishable_Maritime_Doryaspis_01
26090790,[N/A] 1078684105,Fungus_Deux_Alpha_Fire_Enemy
25030101,Carmen,Thoarder_Male_Shovel_01
26090791,[N/A] 2097382481,Fungus_Deux_Alpha_Fire_01_Capture
25030103,[N/A] 1914079105,Thoarder_Male_Fat_Shovel_01
25030102,[N/A] 2138527681,Thoarder_Male_Fat_Shovel_01
28220701,Domestic Kitsune,Homeworld_Vulpes_01
24010202,Ruin Hunter (Mechanicus),Formathr_None
24010201,Ruin Hunter,Formathr_None
26090801,[N/A] 554072617,Fungus_Deux_Epsilon_Wind_01
28030315,[N/A] 2439436721,Pigeon_Beak_01
28030314,[N/A] 3254419441,Crow_01
28030313,[N/A] 45487625,Pigeon_Beak_01
28030312,[N/A] 1045054721,Pigeon_01
28030307,White Pigeon,Pigeon_01
26060101,Electro Cicin,Cicin_Thunder_01
28030306,Duck,Crow_01
22050201,Thundercraven Rifthound,Hound_Riftstalker_Electric_01
28030305,Black King Pigeon,Pigeon_05
22050202,[N/A] 661857473,Hound_Riftstalker_Electric_01_Crystallization
28030304,Crimsonflank Pigeon,Pigeon_04
28030311,Black King Pigeon,Pigeon_05
28030310,Crimsonflank Pigeon,Pigeon_04
28030309,Graywing Pigeon,Pigeon_03
28030308,Brightcrown Pigeon,Pigeon_02
25210201,[N/A] 1998919569,Eremite_Male_Standard_Crossbow_01
25210202,[N/A] 2119181617,Eremite_Male_Standard_Crossbow_02
25210203,[N/A] 3425185161,Eremite_Male_Standard_Crossbow_03
25210204,[N/A] 3201394457,EremiteElite_Male_Standard_Crossbow_01
24020402,Ruin Scout (Weakened),Apparatus_Enigma_BionicNettler
21030301,Anemo Samachurl,Shaman_Wind_01
25210205,[N/A] 3735395833,EremiteElite_Male_Standard_Crossbow_02
24020403,Ruin Scout (Enhanced),Apparatus_Enigma_BionicNettler
25210206,[N/A] 1444996537,EremiteElite_Male_Standard_Crossbow_03
21030302,Anemo Samachurl (Mechanicus),Shaman_Wind_01
21030303,Test_Wind Current Enhanced Anemo Samachurl,Shaman_Wind_01_WindZoneEnhance
25210207,[N/A] 1636753185,Eremite_Male_Standard_Crossbow_04
24020401,Ruin Scout,Apparatus_Enigma_BionicNettler
25210208,[N/A] 2050456833,NPC_Quest_Male_Standard_Eremite_01
21030304,[N/A] 3661997833,Shaman_Wind_01_AttackEnhance
25210209,[N/A] 3171996801,NPC_Quest_Male_Standard_Eremite_02
25210210,[N/A] 2723889409,NPC_Sumeru_Male_Standard_Aderfi_4293
25210211,[N/A] 3153927337,NPC_Quest_Male_Standard_Assassin02_20940
25210212,[N/A] 54186913,NPC_Quest_Male_Standard_Idrisi_13065
28061001,[N/A] 3720242777,Megamoth_Desert_07
25210213,[N/A] 963624905,NPC_Quest_Male_Standard_Nasejuna_4283
28061002,[N/A] 3801760225,Megamoth_Desert_08
24810901,[N/A] 3717599585,FungusFighterV2_TowerWind_01
28030303,Graywing Pigeon,Pigeon_03
28030302,Brightcrown Pigeon,Pigeon_02
28030301,White Pigeon,Pigeon_01
25050502,[FR] - (test)心海个人线反抗军足轻,Aahigaru_Male_02_02
25050503,[N/A] 3723952969,Aahigaru_Male_03
25050501,Sangonomiya Cohort,Aahigaru_Male_02
21040201,[N/A] 985335041,Hilistray_Water_01
28220604,[N/A] 3102074185,Homeworld_Marten_04
24810601,[N/A] 3712937217,FungusFighterV2_TowerWater_02
28220605,[N/A] 1207799537,Homeworld_Marten_05
28220602,Domestic Red-Tailed Weasel,Homeworld_Marten_02
22060101,Golden Wolflord,Monster_Hound_Planelurker_01
28220603,Domestic Boot Weasel,Homeworld_Marten_03
28220601,Domestic Snow Weasel,Homeworld_Marten_01
25050201,Millelith Sergeant,Millelith_Male_02
28060801,[N/A] 3494586161,Megamoth_Desert_05
28210304,[N/A] 1743923249,Homeworld_Frog_04
28030105,[N/A] 1385718609,Crane_01
28030104,[N/A] 3431473329,Crane_01_Lbis
24030301,[N/A] 3108339881,Gargoyle_Fafnir_01
28030103,[N/A] 434877481,Crane_01
28030102,Violet Ibis,Crane_02
23010401,[N/A] 2936412721,Skirmisher_Male_Standard_Staff_Rock_01
28030101,Azure Crane,Crane_01
26090701,[N/A] 2130513233,Fungus_Deux_Alpha_Fire_01
29050104,Crimson Witch of Embers,Monster_LaSignora_Harbinger
20010101,Dendro Slime,Slime_Grass_02
28060901,[N/A] 3910686713,Megamoth_Desert_06
28210404,[N/A] 1020919801,Homeworld_Eel_04
26090690,[N/A] 4223971953,Fungus_Trois_Gamma_Fire_Enemy
28210402,[N/A] 1700882065,Homeworld_Eel_02
29050103,Signora,Monster_LaSignora
22070301,[N/A] 1772968521,ForlornVessel_Strong_Chargebow_Ice_01
29050102,Crimson Witch of Embers,Monster_LaSignora_Harbinger
26090691,[N/A] 3680085465,Fungus_Trois_Gamma_Fire_01_Capture
28210403,Domestic Red-Finned Unagi,Homeworld_Eel_03
22070302,[N/A] 1296111241,ForlornVessel_Strong_Chargebow_Ice_02
29050101,Signora,Monster_LaSignora
28210401,Domestic Adorned Unagi,Homeworld_Eel_01
28030203,Lapis Glede,Falcon_03
28030202,Umbertail Falcon,Falcon_02
28030201,Brownwing Falcon,Falcon_01
28030204,Silkwhite Falcon,Falcon_04
21011501,Unusual Unarmed Hilichurl,Hili_Wei_NoWeapon_01
20012101,[N/A] 2054683281,Effigy_Water_Underling_Ooze_06
25210101,[N/A] 593962337,Eremite_Female_Hatchet_01
25210102,[N/A] 655804089,Eremite_Female_Hatchet_02
25210103,[N/A] 3189818729,Eremite_Female_Hatchet_03
25210104,[N/A] 2655106977,EremiteElite_Female_Hatchet_01
25210105,[N/A] 2175825297,EremiteElite_Female_Hatchet_02
28040402,Rusty Koi,Fishable_Maritime_Cheirolepis_02
25210106,[N/A] 660925665,EremiteElite_Female_Hatchet_03
28040401,Golden Koi,Fishable_Maritime_Cheirolepis_01
25210107,[N/A] 2260729353,Eremite_Female_Hatchet_04
25210108,[N/A] 1446861633,Eremite_Female_Hatchet_05
25210109,[N/A] 2358839953,NPC_Quest_Female_Standard_Nailan_20933
24810501,[N/A] 2746544617,FungusFighterV2_TowerWater_01
24020202,Ruin Destroyer (Weakened),Apparatus_Enigma_BionicFlora
24020203,Ruin Destroyer (Enhanced),Apparatus_Enigma_BionicFlora
24020201,Ruin Destroyer,Apparatus_Enigma_BionicFlora
26090501,[N/A] 1181717657,Fungus_Trois_Alpha_Ice_01
28210208,[N/A] 4168682209,Homeworld_Lizard_05
21030101,Hydro Samachurl,Shaman_Water_01
21030102,Hydro Samachurl (Mechanicus),Shaman_Water_01
25040104,[N/A] 2648340049,Thoarder_Female_Hatchet_03
21030103,Test_Movement Healing Hydro Samachurl,Shaman_Water_01_HealEnhance
25040102,[N/A] 4281348897,Thoarder_Female_Hatchet_02
20012201,[N/A] 716714657,Effigy_Water_Underling_Ooze_07
25040103,[N/A] 3988208201,Thoarder_Female_Hatchet_02
23010501,[N/A] 3279985969,Skirmisher_Male_Strong_Gloves_Wind_01
25040101,Boss,Thoarder_Female_Hatchet_01
28040203,Sweet-Flower Medaka,Fishable_Maritime_Heliobatis_03
28040202,Glaze Medaka,Fishable_Maritime_Heliobatis_02
28040201,Medaka,Fishable_Maritime_Heliobatis_01
29080601,[N/A] 1939696969,Monster_Apep_Underling_SeedOfShiva
28040206,Crystalfish,Fishable_Maritime_Heliobatis_06
28040205,Dawncatcher,Fishable_Maritime_Heliobatis_05
28040204,Aizen Medaka,Fishable_Maritime_Heliobatis_04
28240902,[N/A] 2843011617,Homeworld_Fishable_Maritime_Apsva_02
28240901,[N/A] 4288334729,Homeworld_Fishable_Maritime_Apsva_01
28210206,Domestic Sunny Loach,Homeworld_Salamander_03
28060701,[N/A] 3963893857,Megamoth_Desert_04
28210207,Domestic Marrow Lizard,Homeworld_Lizard_04
28210204,Domestic Sunset Loach,Homeworld_Salamander_01
28210205,Domestic Golden Loach,Homeworld_Salamander_02
28210202,Domestic Red Horned Lizard,Homeworld_Lizard_02
28210203,Domestic Green Horned Lizard,Homeworld_Lizard_03
28210201,Domestic Blue Horned Lizard,Homeworld_Lizard_01
24810701,[N/A] 3750011169,FungusFighterV2_TowerIce_01
29060102,Raiden Ei,Monster_Shougun
29060101,Raiden Shogun,Monster_Shougun
25050301,Shogunate Infantry,Aahigaru_Male_01
28040303,Venomspine Fish,Fishable_Maritime_Aspidorhynchus_03
29080702,[N/A] 592533721,Monster_Apep_Underling_SeedOfVishnu
28040302,Betta,Fishable_Maritime_Aspidorhynchus_02
28040301,Lunged Stickleback,Fishable_Maritime_Aspidorhynchus_01
29080701,[N/A] 2463107697,Monster_Apep_Underling_SeedOfVishnu
29060203,[N/A] 2002743809,Monster_Shougun_Mitakenarukami
26090590,[N/A] 4208292977,Fungus_Trois_Alpha_Ice_Enemy
28210302,Domestic Mud Frog,Homeworld_Frog_02
29060202,[N/A] 2732789569,Monster_Shougun_Mitakenarukami
21011601,Electro Hilichurl Grenadier,Hili_Electric_Bomb
28210303,Domestic Blue Frog,Homeworld_Frog_03
26090591,[N/A] 1798960849,Fungus_Trois_Alpha_Ice_01_Capture
29060201,[N/A] 3574291769,Monster_Shougun_Mitakenarukami
21011602,Electro Hilichurl Grenadier - Enhanced Attack,Hili_Electric_Bomb_AttackEnhance
28210301,Domestic Frog,Homeworld_Frog_01
28040305,Snowstrider,Fishable_Maritime_Aspidorhynchus_05
28040304,Akai Maou,Fishable_Maritime_Aspidorhynchus_04
25310301,[N/A] 863506833,Eremite_Male_Standard_Polearm_01
28050504,[N/A] 2949221961,Electrohercules_04
28050505,[N/A] 2453680657,Electrohercules_05
28050506,[N/A] 992130697,Electrohercules_06
26090601,[N/A] 4148148753,Fungus_Trois_Gamma_Fire_01
20010201,Large Dendro Slime,Slime_Grass_03
24020102,Ruin Cruiser (Weakened),Apparatus_Enigma_BionicDrone
28050501,[N/A] 3014312137,Electrohercules_01
24020103,Ruin Cruiser (Enhanced),Apparatus_Enigma_BionicDrone
28050502,[N/A] 765439209,Electrohercules_02
20010202,[N/A] 3120569345,Slime_Grass_03_AttackEnhance
28050503,[N/A] 3141479769,Electrohercules_03
24020101,Ruin Cruiser,Apparatus_Enigma_BionicDrone
28220506,Domestic Sheriff Cat,Homeworld_Cat_06
28220504,Domestic Northland Cat,Homeworld_Cat_04
28220505,Domestic Tiger-Striped Cat,Homeworld_Cat_05
28220502,Domestic Jade-Eyed Cat,Homeworld_Cat_02
28220503,Domestic Gray Snow Cat,Homeworld_Cat_03
28220501,Domestic Sapphire,Homeworld_Cat_01
20010801,Cryo Slime,Slime_Ice_02
20010803,Cryo Slime (Mechanicus),Slime_Ice_02
20010802,Cryo Slime - Dragonspine Event,Slime_Ice_02_Activity
28010403,[FR] - （test）摇曳鳗03,Eel_03
28010402,[N/A] 1374216297,Eel_02
28010401,[FR] - （test）摇曳鳗01,Eel_01
28010404,[N/A] 2823603497,Eel_04
21020501,Stonehide Lawachurl,Brute_Rock_None
21020502,Stonehide Lawachurl (Mechanicus),Brute_Rock_None
35210301,[N/A] 2275792137,NPC_Quest_Male_Standard_Soldier_12801
35210303,[N/A] 2545653025,NPC_Quest_Male_Standard_Soldier_12804
35210302,[N/A] 4174171577,NPC_Quest_Male_Standard_Soldier_12802
22030201,[N/A] 2617375089,Invoker_Deacon_Fire_01
22030202,[N/A] 1076558185,Invoker_Deacon_Fire_01
23050101,Fatui Mirror Maiden,Fatuus_Maiden_Water_01
26120101,[N/A] 198051785,Fungus_Amanita_Unu_Anudatta_Grass_01
36090890,[N/A] 864320241,Partner_Fumgus_Deux_Epsilon_Wind
36090891,[N/A] 3224728457,Partner_Fumgus_Deux_Epsilon_Wind
25100102,[N/A] 280790529,Samurai_Kairagi_05
25100101,Electro Kairagi,Samurai_Kairagi_01
21010301,Wooden Shield Hilichurl Guard,Hili_None_01_Shield
21010302,Wooden Shield Hilichurl Guard (Mechanicus),Hili_None_01_Shield
22030101,Abyss Lector: Violet Lightning (Disappearing),Invoker_Deacon_Electric_01
22030102,Abyss Lector: Violet Lightning (Permanent),Invoker_Deacon_Electric_01
22030103,[N/A] 577563505,Invoker_Deacon_Electric_01
26050501,Primo Geovishap (Event),Drake_Primo_Rock_01_Activity
36090990,[N/A] 3379305585,Partner_Fumgus_Deux_Beta_Rock
36090991,[N/A] 4125292585,Partner_Fumgus_Deux_Beta_Rock
25020204,[N/A] 210851441,Thoarder_Male_Standard_Crossbow_02_03
25020201,Treasure Hoarder Marksman,Thoarder_Male_Standard_Crossbow_02
28250106,[N/A] 3343647737,Homeworld_Wisp_Grass_01
28250105,[N/A] 2439255201,Homeworld_Wisp_Tokoyo_01
28250104,Domestic Electro Crystalfly,Homeworld_Wisp_Electric_01
28250103,Domestic Cryo Crystalfly,Homeworld_Wisp_Ice_01
21010201,Hilichurl Fighter,Hili_None_01_Club
28250102,Domestic Geo Crystalfly,Homeworld_Wisp_Rock_01
28250101,Domestic Anemo Crystalfly,Homeworld_Wisp_Wind_01
21010202,[N/A] 518903577,Hili_None_01_Club
25110301,[N/A] 3602103257,Scorpion_Eremite_Fire_01
28020702,Kitsune (Dog Event Special, Extended LoS Range),Vulpes_01_02
28020701,Kitsune,Vulpes_01
29020102,Andrius, Dominator of Wolves,Monster_Wolf_LupiBoreas
29020101,Boreas, Great Wolf King of the North,Monster_Wolf_LupiBoreas
28020513,[N/A] 3061677225,Cat_05
28020512,[N/A] 1412852081,Cat_04
28061501,[N/A] 447726457,Chrysopelea_01
28061502,[N/A] 3984456185,Chrysopelea_01
28010303,Blue Frog,Frog_03
28010302,Mud Frog,Frog_02
28010301,Frog,Frog_01
21010401,Hilichurl Shooter,Hili_None_01_Range
21010402,Test_Varied Hilichurl Shooter,Hili_None_01_Range_Multi
21010403,[N/A] 61084577,Hili_None_01_Range
20010901,Large Cryo Slime,Slime_Ice_03
26040105,Geovishap: Hydro (Mechanicus),Drake_Rock_01_Water
26040104,Geovishap: Electro,Drake_Rock_01_Elec
20010903,Large Cryo Slime (Mechanicus),Slime_Ice_03
20010902,Large Cryo Slime - Snowy Mountain Event,Slime_Ice_03_Activity
26040101,Geovishap: Hydro,Drake_Rock_01_Water
20010905,[N/A] 3152089697,Slime_Ice_03_SimpleStick
20010904,[N/A] 4235579001,Slime_Ice_03_AttackEnhance
26040103,Geovishap: Cryo,Drake_Rock_01_Ice
26040102,Geovishap: Pyro,Drake_Rock_01_Fire
28020507,Black Cat,Cat_07
28020506,Sheriff Cat,Cat_06
28020505,Tiger-Striped Cat,Cat_05
28020504,Northland Cat,Cat_04
28020511,[N/A] 370467545,Cat_03
28020510,[N/A] 4118163561,Cat_02
28020509,Gray Snow Cat (Dog Event Special, Extended LoS Range),Cat_03_02
28020508,Sapphire,Cat_01_02
35210401,[N/A] 3100638897,NPC_Quest_MuscleMan_Standard_Soldier_12803
35210402,[N/A] 4048624945,NPC_Quest_MuscleMan_Standard_Tikriti_13108
28020503,Gray Snow Cat,Cat_03
28020502,Jade-Eyed Cat,Cat_02
28020501,Sapphire,Cat_01
25010105,[N/A] 295010273,Thoarder_Male_Slippie_01
25010104,[N/A] 418220209,Thoarder_Male_Standard_NoWeapon_01_04
25010106,[N/A] 685944089,Thoarder_Male_Slippie_01
25010101,Liuliu,Thoarder_Male_NoWeapon_01
20011001,Hydro Slime,Slime_Water_02
25010103,[N/A] 4074487073,Thoarder_Male_Standard_NoWeapon_01_03
20011002,Hydro Slime (Mechanicus),Slime_Water_02
25010102,Mystery Man,Thoarder_Male_Standard_NoWeapon_01_02
28020603,Boot Weasel,Marten_03
28020602,Red-Tailed Weasel,Marten_02
28020601,Snow Weasel,Marten_01
25100202,[N/A] 1073373889,Samurai_Kairagi_07
28020605,[N/A] 4171435641,Marten_05
25100201,Pyro Kairagi,Samurai_Kairagi_02
28020604,Masked Weasel,Marten_04
28010304,[N/A] 13583441,Frog_04
26050401,Primo Geovishap: Electro,Drake_Primo_Rock_01_Elec
36091090,[N/A] 1780358665,Partner_Fumgus_Deux_Delta_Electric
36091091,[N/A] 2177474001,Partner_Fumgus_Deux_Delta_Electric
20060101,Hydro Specter,Sylph_Water_01
21020601,Ice Shieldwall Mitachurl,Brute_Ice_Shield
21020602,Ice Shieldwall Mitachurl (Mechanicus),Brute_Ice_Shield
25110401,[N/A] 3779411305,Chrysopelea_Eremite_Grass_01
25210501,[N/A] 914092905,Eremite_MuscleMan_Simitar_01
25210502,[N/A] 3484979137,Eremite_MuscleMan_Simitar_02
25210503,[N/A] 2747515289,Eremite_MuscleMan_Simitar_03
25210504,[N/A] 1621612097,EremiteElite_MuscleMan_Simitar_01
25210505,[N/A] 4251715865,EremiteElite_MuscleMan_Simitar_02
25210506,[N/A] 124112617,EremiteElite_MuscleMan_Simitar_03
25210507,[N/A] 1714026825,Eremite_MuscleMan_Simitar_04
25210508,[N/A] 2949828257,NPC_Sumeru_MuscleMan_Standard_Yuften_4294
25210509,[N/A] 2648790129,NPC_Quest_MuscleMan_Standard_Bashar_13107
25210510,[N/A] 2238975969,NPC_Quest_MuscleMan_Standard_Pyrrho_20927
28020410,[N/A] 2829456521,DogPrick_04
28020409,[N/A] 3045582529,DogPrick_03
28020408,[N/A] 279322729,DogPrick_02
26050201,Primo Geovishap: Pyro,Drake_Primo_Rock_01_Fire
28020403,Shiba,DogPrick_03
28020402,Forest-Patrol Hound,DogPrick_02
28020401,Northland Hound,DogPrick_01
28020407,[N/A] 4246448217,DogPrick_01
35210501,[N/A] 4181653881,Partner_Eremite_MuscleMan_Simitar_01
28020406,Northland Hound (Dog Event Special, Extended LoS Range),DogPrick_01_02
28020405,Shiba,DogPrick_05
35210502,[N/A] 4266344825,NPC_Quest_MuscleMan_Standard_Bashar_13107
28020404,Black-Back Hound,DogPrick_04
21030501,Cryo Samachurl,Shaman_Ice_01
21030502,Cryo Samachurl (Mechanicus),Shaman_Ice_01
24811101,[N/A] 583303081,FungusFighterV2_TowerPhysics_01
25110102,[N/A] 2361510321,Gator_Eremite_Rock_02
25110101,[N/A] 1820584137,Gator_Eremite_Rock_01
24010304,[N/A] 4152683505,Konungmathr_None_WQ
20010501,Electro Slime,Slime_Electric_02
20010503,[N/A] 1834387465,Slime_Electric_02_SimpleStick
20010502,Electro Slime (Mechanicus),Slime_Electric_02
26130101,[N/A] 2117237033,Sandworm
21030401,Geo Samachurl,Shaman_Rock_01
21030402,[N/A] 362123817,Shaman_Rock_01_SupportEnhance
21030403,Geo Samachurl (Mechanicus),Shaman_Rock_01
25030201,Treasure Hoarder Gravedigger,Thoarder_Male_Fat_Shovel_03
28010208,[N/A] 404479849,Lizard_05
24010302,Ruin Grader (Mechanicus),Konungmathr_None
24010303,Ruin Grader (Mining Version),Konungmathr_None_Dig
24010301,Ruin Grader,Konungmathr_None
20010601,Large Electro Slime,Slime_Electric_03
20010602,Large Electro Slime (Mechanicus),Slime_Electric_03
20010605,[N/A] 3051091649,Slime_Electric_03_SimpleStick
20010604,[N/A] 1832846073,Slime_Electric_03_AttackEnhance
29030106,Childe,Monster_Tartaglia_Harbinger
29030104,Eleventh of the Fatui Harbingers - Tartaglia,Monster_Tartaglia
29030105,Delusion Unleashed - Childe,Monster_Tartaglia_EvilEye
21020201,Blazing Axe Mitachurl,Brute_None_Axe
25210601,[N/A] 3480498409,Eremite_Male_Standard_NoWeapon_01
21020202,[N/A] 2388371873,Brute_None_Axe_AttackEnhance
25210602,[N/A] 1531750897,Eremite_Male_Standard_NoWeapon_02
21020203,Blazing Axe Mitachurl (Mechanicus),Brute_None_Axe
29030102,Delusion Unleashed - Childe,Monster_Tartaglia_EvilEye
28040902,[N/A] 3476332937,Fishable_Maritime_Apsva_02
29030103,Childe,Monster_Tartaglia_Harbinger
28040901,[N/A] 3639121545,Fishable_Maritime_Apsva_01
29030101,Eleventh of the Fatui Harbingers - Tartaglia,Monster_Tartaglia
26050301,Primo Geovishap: Cryo,Drake_Primo_Rock_01_Ice
28010203,Green Horned Lizard,Lizard_03
28010202,Red Horned Lizard,Lizard_02
28010201,Blue Horned Lizard,Lizard_01
28010207,Pith Lizard,Lizard_04
28061401,[N/A] 2330015681,Megamoth_Jungle_07
22040101,Rockfond Rifthound Whelp,Hound_Kanis_Rock_01
28010206,Sunny Loach,Salamander_03
28010205,Golden Loach,Salamander_02
28061402,[N/A] 3443985385,Megamoth_Jungle_08
22040102,[N/A] 3634434553,Hound_Kanis_Rock_01_Crystallization
28010204,Sunset Loach,Salamander_01
26060301,Cryo Cicin,Cicin_Ice_01
28030505,[N/A] 3375863305,Wigeon_01
28030504,[N/A] 1960829713,Wigeon_01
21030601,Electro Samachurl,Shaman_Electric_01
21030602,Electro Samachurl (Mechanicus),Shaman_Electric_01
21030603,Electro Samachurl - Enhanced Support,Shaman_Electric_01_SupportEnhance
28030502,Emerald Duck,Wigeon_02
28030501,Scarletbeak Duck,Wigeon_01
25210401,[N/A] 998410809,Eremite_MuscleMan_Gloves_01
25210402,[N/A] 839477089,Eremite_MuscleMan_Gloves_02
25210403,[N/A] 2628038825,Eremite_MuscleMan_Gloves_03
25210404,[N/A] 509218169,EremiteElite_MuscleMan_Gloves_01
25210405,[N/A] 4366953,EremiteElite_MuscleMan_Gloves_02
25210406,[N/A] 1385944497,EremiteElite_MuscleMan_Gloves_03
25210407,[N/A] 3844535385,NPC_Quest_MuscleMan_Standard_Eremite_01
25210408,[N/A] 2083537065,NPC_Quest_MuscleMan_Standard_Assassin01_20913
25210409,[N/A] 2582783617,NPC_Quest_MuscleMan_Standard_Tikriti_13108
21020401,Frostarm Lawachurl,Brute_Ice_None
21020402,Frostarm Lawachurl (Mechanicus),Brute_Ice_None
26050101,Primo Geovishap: Hydro,Drake_Primo_Rock_01_Water
25020101,Raptor,Thoarder_Male_Crossbow_01
25020102,[N/A] 4235010025,Thoarder_Male_Crossbow_01_02
28061201,[N/A] 2733673945,Megamoth_Jungle_05
25110202,[N/A] 1458817257,Vulture_Eremite_Wind_02
25110201,[N/A] 3397827697,Vulture_Eremite_Wind_01
28040803,[N/A] 2534877817,Fishable_Maritime_Batdiodan_03
28040802,[N/A] 3230531961,Fishable_Maritime_Batdiodan_02
28040801,[N/A] 1381140681,Fishable_Maritime_Batdiodan_01
21020301,Rock Shieldwall Mitachurl,Brute_None_RockShield
21020302,Rock Shieldwall Mitachurl (Mechanicus),Brute_None_RockShield
24010401,[N/A] 3060024009,Nithhoggr_None
28040804,[N/A] 1321673065,Fishable_Maritime_Batdiodan_04
28010106,Crab,Crab_06
28010105,Pale Red Crab,Crab_05
28010104,General Crab,Crab_04
22040201,Thundercraven Rifthound Whelp,Hound_Kanis_Electric_01
28061301,[N/A] 3469996769,Megamoth_Jungle_06
22040202,[N/A] 2152008849,Hound_Kanis_Electric_01_Crystallization
28010103,Ocean Crab,Crab_03
26091090,[N/A] 2977465545,Fungus_Deux_Delta_Electric_Enemy
28010102,Sun Crab,Crab_02
26091091,[N/A] 2399196673,Fungus_Deux_Delta_Electric_01_Capture
28010101,Golden Crab,Crab_01
25030301,Treasure Hoarder Oarsman,Thoarder_Male_Fat_Shovel_02
28020303,Snowboar,Boar_03
28020302,Forest Piglet,Boar_02
28020301,Forest Boar,Boar_01
20070101,Thunder Manifestation,Monster_Raijin_01
28020315,[N/A] 977650529,Boar_09
28020314,[N/A] 2761000073,Boar_Grass_Small
28020313,[N/A] 2391061289,Boar_Grass
28020312,[N/A] 1052664969,Boar_03_Hunt
21010101,Hilichurl,Hili_None_01
21010102,Hilichurl (Mechanicus),Hili_None_01
28020317,[N/A] 272128889,Boar_Grass_Small
28020316,[N/A] 891449457,Boar_Grass
21010103,[N/A] 1925341953,Hili_None_01
28020307,[N/A] 628909497,Boar_01
21010104,[N/A] 1548940881,Hili_None_01
28020306,[N/A] 3760598729,Boar_06
28020305,Frozen Snowboar,Boar_05
28020304,Great Snowboar King,Boar_04
20010701,Mutant Electro Slime,Slime_Electric_03_Positive
28020311,[N/A] 3804855321,Boar_01_Hunt
28020310,[N/A] 1922000329,Boar_02_Hunt
28020309,[N/A] 4278775249,Boar_09
20010703,Mutant Electro Slime (Mechanicus),Slime_Electric_03_Positive
28020308,[N/A] 470625513,Boar_05
20010702,[N/A] 417092169,Slime_Electric_03_Positive_AttackEnhance